<?xml version="1.0" encoding="UTF-8"?>
<module codename="org.chartsy.facebookapi">
    <module_version install_time="1315654373847" last="true" origin="installer" specification_version="2.1.0">
        <file crc="1047274366" name="config/Modules/org-chartsy-facebookapi.xml"/>
        <file crc="984909869" name="modules/ext/activation-1.1.jar"/>
        <file crc="2791441963" name="modules/ext/commons-lang-2.2.jar"/>
        <file crc="4170494766" name="modules/ext/facebook-java-api-2.1.0.jar"/>
        <file crc="4085012639" name="modules/ext/facebook-java-api-3.0.2.jar"/>
        <file crc="3169206447" name="modules/ext/facebook-java-api-annotation-processor-3.0.2.jar"/>
        <file crc="960286013" name="modules/ext/facebook-java-api-schema-2.1.0.jar"/>
        <file crc="2409083408" name="modules/ext/facebook-java-api-schema-3.0.2.jar"/>
        <file crc="3224142146" name="modules/ext/jaxb-api-2.1.jar"/>
        <file crc="3298631689" name="modules/ext/jaxb-impl-2.1.9.jar"/>
        <file crc="3826982161" name="modules/ext/json-20070829.jar"/>
        <file crc="2853118225" name="modules/ext/json-20080701.jar"/>
        <file crc="1656917655" name="modules/ext/runtime-0.4.1.3.jar"/>
        <file crc="993265555" name="modules/ext/runtime-0.4.1.5.jar"/>
        <file crc="1775435017" name="modules/ext/stax-api-1.0-2.jar"/>
        <file crc="2540276391" name="modules/org-chartsy-facebookapi.jar"/>
    </module_version>
</module>
