<?xml version="1.0" encoding="UTF-8"?>
<module codename="org.chartsy.main">
    <module_version install_time="1312225267781" last="true" origin="installer" specification_version="1.4.1">
        <file crc="2781535887" name="config/Modules/org-chartsy-main.xml"/>
        <file crc="2087871651" name="core/locale/core_chartsy.jar"/>
        <file crc="1433839547" name="modules/ext/locale/updater_chartsy.jar"/>
        <file crc="544480188" name="modules/locale/org-netbeans-core-windows_chartsy.jar"/>
        <file crc="55295704" name="modules/locale/org-netbeans-core_chartsy.jar"/>
        <file crc="1790986032" name="modules/org-chartsy-main.jar"/>
    </module_version>
</module>
