<?xml version="1.0" encoding="UTF-8"?>
<module codename="org.chartsy.main">
    <module_version install_time="1315654375728" last="true" origin="installer" specification_version="1.4.2">
        <file crc="3499941970" name="config/Modules/org-chartsy-main.xml"/>
        <file crc="2991444485" name="core/locale/core_chartsy.jar"/>
        <file crc="4031617528" name="modules/ext/locale/updater_chartsy.jar"/>
        <file crc="1258845462" name="modules/locale/org-netbeans-core-windows_chartsy.jar"/>
        <file crc="2732019004" name="modules/locale/org-netbeans-core_chartsy.jar"/>
        <file crc="2969190778" name="modules/org-chartsy-main.jar"/>
    </module_version>
</module>
