<?xml version="1.0" encoding="UTF-8"?>
<!DOCTYPE filesystem PUBLIC "-//NetBeans//DTD Filesystem 1.2//EN" "http://www.netbeans.org/dtds/filesystem-1_2.dtd">
<filesystem>
    <attr name="Menu\File\Separator3.instance\position" intvalue="2000"/>
    <attr name="Menu\File\org-netbeans-core-actions-SystemExit.shadow\position" intvalue="2100"/>
    <attr name="Menu\File\org-netbeans-modules-print-action-PageSetupAction.shadow\position" intvalue="1700"/>
    <attr name="Menu\File\org-netbeans-modules-print-action-PrintAction.shadow\position" intvalue="1900"/>
    <attr name="Menu\Tools\Separator1.instance\position" intvalue="600"/>
    <attr name="Menu\Tools\Separator2.instance\position" intvalue="800"/>
    <attr name="Menu\Tools\Separator3.instance\position" intvalue="900"/>
    <attr name="Menu\Tools\org-chartsy-stockscanpro-actions-StockScreener.shadow\position" intvalue="500"/>
    <attr name="Menu\Tools\org-netbeans-modules-autoupdate-ui-actions-PluginManagerAction.shadow\position" intvalue="700"/>
    <attr name="Menu\Tools\org-netbeans-modules-options-OptionsWindowAction.shadow\position" intvalue="1100"/>
    <folder name="Actions">
        <folder name="File">
            <file name="org-chartsy-main-NewChart.instance">
                <attr name="delegate" newvalue="org.chartsy.main.NewChart"/>
                <attr name="displayName" bundlevalue="org.chartsy.main.Bundle#CTL_NewChart"/>
                <attr name="iconBase" stringvalue="org/chartsy/main/resources/newchart.png"/>
                <attr name="instanceCreate" methodvalue="org.openide.awt.Actions.alwaysEnabled"/>
                <attr name="noIconInMenu" boolvalue="false"/>
            </file>
            <file name="org-chartsy-main-actions-TemplateManagerAction.instance">
                <attr name="delegate" newvalue="org.chartsy.main.actions.TemplateManagerAction"/>
                <attr name="displayName" bundlevalue="org.chartsy.main.actions.Bundle#CTL_TemplateManagerAction"/>
                <attr name="instanceCreate" methodvalue="org.openide.awt.Actions.alwaysEnabled"/>
                <attr name="noIconInMenu" boolvalue="false"/>
            </file>
        </folder>
        <folder name="Help"/>
    </folder>
    <folder name="Shortcuts">
        <file name="D-N.shadow">
            <attr name="originalFile" stringvalue="Actions/File/org-chartsy-main-NewChart.instance"/>
        </file>
    </folder>
    <folder name="Menu">
        <file name="BuildProject_hidden"/>
        <file name="Edit_hidden"/>
        <folder name="File">
            <file name="Separator2.instance_hidden">
                <attr name="position" intvalue="100"/>
            </file>
            <file name="Separator4.instance_hidden">
                <attr name="position" intvalue="200"/>
            </file>
            <file name="SeparatorNew.instance_hidden">
                <attr name="position" intvalue="300"/>
            </file>
            <file name="SeparatorOpen.instance_hidden">
                <attr name="position" intvalue="400"/>
            </file>
            <file name="org-chartsy-main-NewChart-separatorAfter.instance">
                <attr name="instanceClass" stringvalue="javax.swing.JSeparator"/>
                <attr name="position" intvalue="600"/>
            </file>
            <file name="org-chartsy-main-NewChart.shadow">
                <attr name="originalFile" stringvalue="Actions/File/org-chartsy-main-NewChart.instance"/>
                <attr name="position" intvalue="500"/>
            </file>
            <file name="org-netbeans-modules-editor-ExportHtmlAction.shadow_hidden">
                <attr name="position" intvalue="700"/>
            </file>
            <file name="org-netbeans-modules-kenai-ui-OpenKenaiProjectAction.shadow_hidden">
                <attr name="position" intvalue="800"/>
            </file>
            <file name="org-netbeans-modules-openfile-OpenFileAction.shadow_hidden">
                <attr name="position" intvalue="900"/>
            </file>
            <file name="org-netbeans-modules-openfile-RecentFileAction.shadow_hidden">
                <attr name="position" intvalue="1000"/>
            </file>
            <file name="org-netbeans-modules-project-ui-CloseProject.shadow_hidden">
                <attr name="position" intvalue="1100"/>
            </file>
            <file name="org-netbeans-modules-project-ui-CustomizeProject.shadow_hidden">
                <attr name="position" intvalue="1200"/>
            </file>
            <file name="org-netbeans-modules-project-ui-NewFile.shadow_hidden">
                <attr name="position" intvalue="1300"/>
            </file>
            <file name="org-netbeans-modules-project-ui-NewProject.shadow_hidden">
                <attr name="position" intvalue="1400"/>
            </file>
            <file name="org-netbeans-modules-project-ui-OpenProject.shadow_hidden">
                <attr name="position" intvalue="1500"/>
            </file>
            <file name="org-netbeans-modules-project-ui-RecentProjects.shadow_hidden">
                <attr name="position" intvalue="1600"/>
            </file>
            <file name="org-netbeans-modules-project-ui-groups-GroupsMenu.shadow_hidden">
                <attr name="position" intvalue="1800"/>
            </file>
            <file name="org-openide-actions-SaveAction.shadow_hidden"/>
            <file name="org-openide-actions-SaveAllAction.shadow_hidden"/>
            <file name="org-openide-actions-SaveAsAction.shadow_hidden"/>
        </folder>
        <file name="GoTo_hidden"/>
        <folder name="Help">
            <file name="netbeans-kb.url_hidden"/>
            <file name="org-netbeans-modules-bugzilla-ReportNBIssueAction.shadow_hidden"/>
            <file name="org-netbeans-modules-usersguide-master.xml_hidden"/>
            <file name="shortcuts.xml_hidden"/>
        </folder>
        <file name="Refactoring_hidden"/>
        <file name="RunProject_hidden"/>
        <file name="Source_hidden"/>
        <folder name="Tools">
            <file name="LibrariesCustomizerAction.shadow_hidden">
                <attr name="position" intvalue="100"/>
            </file>
                <file name="PaletteManager_hidden">
                <attr name="position" intvalue="200"/>
            </file>
            <file name="Separator2.instance_hidden"/>
            <file name="ServerManagerAction3.shadow_hidden">
                <attr name="position" intvalue="300"/>
            </file>
            <file name="VariablesCustomizerAction.shadow_hidden">
                <attr name="position" intvalue="400"/>
            </file>
            <file name="org-chartsy-main-actions-TemplateManagerAction-separatorBefore.instance">
                <attr name="instanceClass" stringvalue="javax.swing.JSeparator"/>
                <attr name="position" intvalue="1150"/>
            </file>
            <file name="org-chartsy-main-actions-TemplateManagerAction.shadow">
                <attr name="originalFile" stringvalue="Actions/File/org-chartsy-main-actions-TemplateManagerAction.instance"/>
                <attr name="position" intvalue="1200"/>
            </file>
            <file name="org-netbeans-modules-favorites-templates-TemplatesAction.shadow_hidden">
                <attr name="position" intvalue="1000"/>
            </file>
            <file name="org-netbeans-modules-xml-catalog-CatalogAction.shadow_hidden">
                <attr name="position" intvalue="1200"/>
            </file>
            <file name="org-openide-actions-ToolsAction.shadow_hidden">
                <attr name="position" intvalue="1300"/>
            </file>
        </folder>
        <file name="Versioning_hidden"/>
        <folder name="View">
            <file name="Separator1.instance_hidden"/>
            <file name="Separator3.instance_hidden"/>
            <file name="org-netbeans-core-actions-HTMLViewAction.shadow_hidden"/>
            <file name="org-netbeans-core-multiview-EditorsAction.instance_hidden"/>
            <file name="org-netbeans-core-windows-actions-ToolbarsListAction.instance_hidden"/>
            <file name="org-netbeans-modules-editor-NbCodeFoldingAction.instance_hidden"/>
            <file name="org-netbeans-modules-project-ui-SyncEditorWithViewsAction.shadow_hidden"/>
            <file name="org-netbeans-modules-versioning-ShowTextAnnotationsAction.shadow_hidden"/>
            <file name="org-netbeans-modules-versioning-diff-ShowDiffSidebarAction.shadow_hidden"/>
            <file name="toggle-line-numbers.shadow_hidden"/>
            <file name="toggle-toolbar.shadow_hidden"/>
        </folder>
        <folder name="Window">
            <file name="Debug_hidden"/>
            <file name="KenaiAction.shadow_hidden"/>
            <file name="Navigator_hidden"/>
            <file name="Other_hidden"/>
            <file name="Output_hidden"/>
            <file name="ProgressListAction.shadow_hidden"/>
            <file name="ShowPaletteAction.shadow_hidden"/>
            <file name="SwitchToRecentDocumentAction.shadow_hidden"/>
            <file name="Versioning_hidden"/>
            <file name="ViewFavoritesTabAction.shadow_hidden"/>
            <file name="org-netbeans-core-ide-ServicesTabAction.shadow_hidden"/>
            <file name="org-netbeans-core-windows-actions-GlobalPropertiesAction.shadow_hidden"/>
            <file name="org-netbeans-modules-kenai-collab-chat-ChatAction.shadow_hidden"/>
            <file name="org-netbeans-modules-project-ui-logical-tab-action.shadow_hidden"/>
            <file name="org-netbeans-modules-project-ui-physical-tab-action.shadow_hidden"/>
            <file name="org-netbeans-modules-tasklist-ui-TaskListAction.shadow_hidden"/>
        </folder>
    </folder>
    <folder name="Toolbars">
        <file name="Build_hidden"/>
        <file name="Clipboard_hidden"/>
        <file name="Debug_hidden"/>
        <folder name="File">
            <file name="org-chartsy-main-NewChart.shadow">
                <attr name="originalFile" stringvalue="Actions/File/org-chartsy-main-NewChart.instance"/>
                <attr name="position" intvalue="0"/>
            </file>
            <file name="org-netbeans-modules-project-ui-NewFile.shadow_hidden"/>
            <file name="org-netbeans-modules-project-ui-NewProject.shadow_hidden"/>
            <file name="org-netbeans-modules-project-ui-OpenProject.shadow_hidden"/>
            <file name="org-openide-actions-SaveAllAction.shadow_hidden"/>
        </folder>
            <folder name="Memory">
            <file name="org-netbeans-modules-profiler-actions-SelfSamplerAction.shadow_hidden"/>
        </folder>
        <file name="QuickSearch_hidden"/>
            <file name="UndoRedo_hidden"/>
    </folder>
    <folder name="Windows2">
        <folder name="Modes">
            <folder name="editor">
                <file name="Welcome.wstcref" url="Welcome.wstcref"/>
            </folder>
        </folder>
        <folder name="Components">
            <file name="Welcome.settings" url="Welcome.settings"/>
        </folder>
    </folder>
</filesystem>
