<?xml version="1.0" encoding="UTF-8"?>
<project xmlns="http://www.netbeans.org/ns/project/1">
    <type>org.netbeans.modules.apisupport.project</type>
    <configuration>
        <data xmlns="http://www.netbeans.org/ns/nb-module-project/3">
            <code-name-base>org.chartsy.commonslogging</code-name-base>
            <suite-component/>
            <module-dependencies/>
            <public-packages>
                <package>org.apache.commons.logging</package>
                <package>org.apache.commons.logging.impl</package>
            </public-packages>
            <class-path-extension>
                <runtime-relative-path>ext/commons-logging-1.1.1.jar</runtime-relative-path>
                <binary-origin>release/modules/ext/commons-logging-1.1.1.jar</binary-origin>
            </class-path-extension>
        </data>
    </configuration>
</project>
