<?xml version="1.0" encoding="UTF-8"?>
<project xmlns="http://www.netbeans.org/ns/project/1">
    <type>org.netbeans.modules.apisupport.project</type>
    <configuration>
        <data xmlns="http://www.netbeans.org/ns/nb-module-project/3">
            <code-name-base>org.chartsy.facebookapi</code-name-base>
            <suite-component/>
            <module-dependencies>
                <dependency>
                    <code-name-base>org.chartsy.commonslogging</code-name-base>
                    <build-prerequisite/>
                    <compile-dependency/>
                    <run-dependency>
                        <specification-version>1.3.0</specification-version>
                    </run-dependency>
                </dependency>
            </module-dependencies>
            <test-dependencies>
                <test-type>
                    <name>unit</name>
                    <test-dependency>
                        <code-name-base>org.netbeans.libs.junit4</code-name-base>
                        <compile-dependency/>
                    </test-dependency>
                </test-type>
            </test-dependencies>
            <public-packages>
                <package>com.google.code.facebookapi</package>
                <package>com.google.code.facebookapi.schema</package>
                <package>com.sun.activation.registries</package>
                <package>com.sun.activation.viewers</package>
                <package>com.sun.istack</package>
                <package>com.sun.istack.localization</package>
                <package>com.sun.xml.bind</package>
                <package>com.sun.xml.bind.annotation</package>
                <package>com.sun.xml.bind.api</package>
                <package>com.sun.xml.bind.api.impl</package>
                <package>com.sun.xml.bind.marshaller</package>
                <package>com.sun.xml.bind.unmarshaller</package>
                <package>com.sun.xml.bind.util</package>
                <package>com.sun.xml.bind.v2</package>
                <package>com.sun.xml.bind.v2.bytecode</package>
                <package>com.sun.xml.bind.v2.model.annotation</package>
                <package>com.sun.xml.bind.v2.model.core</package>
                <package>com.sun.xml.bind.v2.model.impl</package>
                <package>com.sun.xml.bind.v2.model.nav</package>
                <package>com.sun.xml.bind.v2.model.runtime</package>
                <package>com.sun.xml.bind.v2.runtime</package>
                <package>com.sun.xml.bind.v2.runtime.output</package>
                <package>com.sun.xml.bind.v2.runtime.property</package>
                <package>com.sun.xml.bind.v2.runtime.reflect</package>
                <package>com.sun.xml.bind.v2.runtime.reflect.opt</package>
                <package>com.sun.xml.bind.v2.runtime.unmarshaller</package>
                <package>com.sun.xml.bind.v2.schemagen</package>
                <package>com.sun.xml.bind.v2.schemagen.episode</package>
                <package>com.sun.xml.bind.v2.schemagen.xmlschema</package>
                <package>com.sun.xml.bind.v2.util</package>
                <package>com.sun.xml.txw2</package>
                <package>com.sun.xml.txw2.annotation</package>
                <package>com.sun.xml.txw2.output</package>
                <package>javax.activation</package>
                <package>javax.xml.bind</package>
                <package>javax.xml.bind.annotation</package>
                <package>javax.xml.bind.annotation.adapters</package>
                <package>javax.xml.bind.attachment</package>
                <package>javax.xml.bind.helpers</package>
                <package>javax.xml.bind.util</package>
                <package>javax.xml.stream</package>
                <package>javax.xml.stream.events</package>
                <package>javax.xml.stream.util</package>
                <package>org.apache.commons.lang</package>
                <package>org.apache.commons.lang.builder</package>
                <package>org.apache.commons.lang.enums</package>
                <package>org.apache.commons.lang.exception</package>
                <package>org.apache.commons.lang.math</package>
                <package>org.apache.commons.lang.mutable</package>
                <package>org.apache.commons.lang.text</package>
                <package>org.apache.commons.lang.time</package>
                <package>org.json</package>
                <package>org.jvnet.jaxb2_commons.lang</package>
                <package>org.jvnet.jaxb2_commons.lang.builder</package>
                <package>org.jvnet.jaxb2_commons.util</package>
                <package>org.jvnet.jaxb2_commons.xml.bind</package>
            </public-packages>
            <class-path-extension>
                <runtime-relative-path>ext/activation-1.1.jar</runtime-relative-path>
                <binary-origin>release/modules/ext/activation-1.1.jar</binary-origin>
            </class-path-extension>
            <class-path-extension>
                <runtime-relative-path>ext/jaxb-impl-2.1.9.jar</runtime-relative-path>
                <binary-origin>release/modules/ext/jaxb-impl-2.1.9.jar</binary-origin>
            </class-path-extension>
            <class-path-extension>
                <runtime-relative-path>ext/json-20070829.jar</runtime-relative-path>
                <binary-origin>release/modules/ext/json-20070829.jar</binary-origin>
            </class-path-extension>
            <class-path-extension>
                <runtime-relative-path>ext/jaxb-api-2.1.jar</runtime-relative-path>
                <binary-origin>release/modules/ext/jaxb-api-2.1.jar</binary-origin>
            </class-path-extension>
            <class-path-extension>
                <runtime-relative-path>ext/commons-lang-2.2.jar</runtime-relative-path>
                <binary-origin>release/modules/ext/commons-lang-2.2.jar</binary-origin>
            </class-path-extension>
            <class-path-extension>
                <runtime-relative-path>ext/facebook-java-api-schema-2.1.0.jar</runtime-relative-path>
                <binary-origin>release/modules/ext/facebook-java-api-schema-2.1.0.jar</binary-origin>
            </class-path-extension>
            <class-path-extension>
                <runtime-relative-path>ext/stax-api-1.0-2.jar</runtime-relative-path>
                <binary-origin>release/modules/ext/stax-api-1.0-2.jar</binary-origin>
            </class-path-extension>
            <class-path-extension>
                <runtime-relative-path>ext/runtime-0.4.1.3.jar</runtime-relative-path>
                <binary-origin>release/modules/ext/runtime-0.4.1.3.jar</binary-origin>
            </class-path-extension>
            <class-path-extension>
                <runtime-relative-path>ext/facebook-java-api-2.1.0.jar</runtime-relative-path>
                <binary-origin>release/modules/ext/facebook-java-api-2.1.0.jar</binary-origin>
            </class-path-extension>
        </data>
    </configuration>
</project>
