<?xml version="1.0" encoding="UTF-8"?>
<favorites>
	<folder>
		<name>Forex</name>
		<stock>
			<companyName>EUR%2FUSD</companyName>
			<symbol>EURUSD%3DX</symbol>
			<exchange></exchange>
			<dataProvider>Yahoo</dataProvider>
		</stock>
		<stock>
			<companyName>PLN%2FUSD</companyName>
			<symbol>PLNUSD%3DX</symbol>
			<exchange></exchange>
			<dataProvider>Yahoo</dataProvider>
		</stock>
	</folder>
	<folder>
		<name>Bitcoin</name>
        <stock>
            <companyName>MTGOXUSD</companyName>
            <symbol>MTGOXUSD</symbol>
            <exchange></exchange>
            <dataProvider>BitcoinCharts</dataProvider>
        </stock>
        <stock>
            <companyName>THUSD</companyName>
            <symbol>THUSD</symbol>
            <exchange></exchange>
            <dataProvider>BitcoinCharts</dataProvider>
        </stock>
		<stock>
			<companyName>BITMARKETEUR</companyName>
			<symbol>BITMARKETEUR</symbol>
			<exchange></exchange>
			<dataProvider>BitcoinCharts</dataProvider>
		</stock>
        <stock>
            <companyName>BITOMATPLN</companyName>
            <symbol>BITOMATPLN</symbol>
            <exchange></exchange>
            <dataProvider>BitcoinCharts</dataProvider>
        </stock>
        <stock>
            <companyName>BRITCOINGBP</companyName>
            <symbol>BRITCOINGBP</symbol>
            <exchange></exchange>
            <dataProvider>BitcoinCharts</dataProvider>
        </stock>
        <stock>
            <companyName>VIRTEXCAD</companyName>
            <symbol>VIRTEXCAD</symbol>
            <exchange></exchange>
            <dataProvider>BitcoinCharts</dataProvider>
        </stock>
        <stock>
            <companyName>VIRWOXSLL</companyName>
            <symbol>VIRWOXSLL</symbol>
            <exchange></exchange>
            <dataProvider>BitcoinCharts</dataProvider>
        </stock>
    </folder>
</favorites>
