<?xml version="1.0" encoding="UTF-8"?>
<!DOCTYPE filesystem PUBLIC "-//NetBeans//DTD Filesystem 1.2//EN" "http://www.netbeans.org/dtds/filesystem-1_2.dtd">
<filesystem>
    <folder name="Actions">
        <folder name="Window">
            <file name="org-chartsy-favorites-OpenFavorites.instance">
                <attr name="delegate" newvalue="org.chartsy.favorites.OpenFavorites"/>
                <attr name="displayName" bundlevalue="org.chartsy.favorites.Bundle#CTL_OpenFavorites"/>
                <attr name="iconBase" stringvalue="org/chartsy/main/resources/favorites.png"/>
                <attr name="instanceCreate" methodvalue="org.openide.awt.Actions.alwaysEnabled"/>
                <attr name="noIconInMenu" boolvalue="false"/>
            </file>
        </folder>
    </folder>
    <folder name="Menu">
        <folder name="Window">
            <file name="org-chartsy-favorites-OpenFavorites.shadow">
                <attr name="originalFile" stringvalue="Actions/Window/org-chartsy-favorites-OpenFavorites.instance"/>
                <attr name="position" intvalue="0"/>
            </file>
        </folder>
    </folder>
    <folder name="Toolbars">
        <folder name="File">
            <file name="org-chartsy-favorites-OpenFavorites.shadow">
                <attr name="originalFile" stringvalue="Actions/Window/org-chartsy-favorites-OpenFavorites.instance"/>
                <attr name="position" intvalue="75"/>
            </file>
        </folder>
    </folder>
    <folder name="Windows2">
        <folder name="Components">
            <file name="FavoritesComponent.settings" url="component.settings"/>
        </folder>
        <folder name="Modes">
            <folder name="explorer">
                <file name="FavoritesComponent.wstcref" url="favorites.wstcref"/>
            </folder>
        </folder>
    </folder>
</filesystem>
