<?xml version="1.0" encoding="UTF-8"?>
<project xmlns="http://www.netbeans.org/ns/project/1">
    <type>org.netbeans.modules.apisupport.project</type>
    <configuration>
        <data xmlns="http://www.netbeans.org/ns/nb-module-project/3">
            <code-name-base>org.chartsy.commonshttpclient</code-name-base>
            <suite-component/>
            <module-dependencies>
                <dependency>
                    <code-name-base>org.chartsy.commonscodec</code-name-base>
                    <build-prerequisite/>
                    <compile-dependency/>
                    <run-dependency>
                        <specification-version>1.3.0</specification-version>
                    </run-dependency>
                </dependency>
                <dependency>
                    <code-name-base>org.chartsy.commonslogging</code-name-base>
                    <build-prerequisite/>
                    <compile-dependency/>
                    <run-dependency>
                        <specification-version>1.3.0</specification-version>
                    </run-dependency>
                </dependency>
            </module-dependencies>
            <public-packages>
                <package>org.apache.commons.httpclient</package>
                <package>org.apache.commons.httpclient.auth</package>
                <package>org.apache.commons.httpclient.cookie</package>
                <package>org.apache.commons.httpclient.methods</package>
                <package>org.apache.commons.httpclient.methods.multipart</package>
                <package>org.apache.commons.httpclient.params</package>
                <package>org.apache.commons.httpclient.protocol</package>
                <package>org.apache.commons.httpclient.util</package>
            </public-packages>
            <class-path-extension>
                <runtime-relative-path>ext/commons-httpclient-3.1.jar</runtime-relative-path>
                <binary-origin>release/modules/ext/commons-httpclient-3.1.jar</binary-origin>
            </class-path-extension>
        </data>
    </configuration>
</project>
