<?xml version="1.0" encoding="UTF-8" standalone="no"?>
<module codename="org.openide.modules">
    <module_version install_time="1280356264991" last="false" origin="installer" specification_version="7.17.1">
        <file crc="1391508081" name="config/ModuleAutoDeps/org-openide-modules.xml"/>
        <file crc="4057133934" name="lib/org-openide-modules.jar"/>
    </module_version>
    <module_version install_time="1312224867652" last="true" origin="NetBeans" specification_version="7.17.2">
        <file crc="2153319485" name="lib/locale/org-openide-modules_ja.jar"/>
        <file crc="2534020102" name="lib/locale/org-openide-modules_pt_BR.jar"/>
        <file crc="2920526860" name="lib/locale/org-openide-modules_zh_CN.jar"/>
        <file crc="1391508081" name="config/ModuleAutoDeps/org-openide-modules.xml"/>
        <file crc="2189657377" name="lib/org-openide-modules.jar"/>
    </module_version>
</module>
