<?xml version="1.0" encoding="UTF-8" standalone="no"?>
<module codename="org.openide.util">
    <module_version install_time="1280356210591" last="false" origin="installer" specification_version="8.6.1">
        <file crc="3298874072" name="config/ModuleAutoDeps/org-openide-util.xml"/>
        <file crc="3634739446" name="lib/org-openide-util.jar"/>
    </module_version>
    <module_version install_time="1312224867760" last="true" origin="NetBeans" specification_version="8.6.2">
        <file crc="4108649734" name="lib/locale/org-openide-util_ja.jar"/>
        <file crc="3284603236" name="lib/locale/org-openide-util_pt_BR.jar"/>
        <file crc="3379153219" name="lib/locale/org-openide-util_zh_CN.jar"/>
        <file crc="3298874072" name="config/ModuleAutoDeps/org-openide-util.xml"/>
        <file crc="2512980111" name="lib/org-openide-util.jar"/>
    </module_version>
</module>
