<?xml version="1.0" encoding="UTF-8" standalone="no"?>
<module codename="org.netbeans.modules.autoupdate.services">
    <module_version install_time="1280356532574" last="false" origin="installer" specification_version="1.20.1">
        <file crc="83784818" name="config/Modules/org-netbeans-modules-autoupdate-services.xml"/>
        <file crc="2714525964" name="modules/ext/updater.jar"/>
        <file crc="3035534556" name="modules/org-netbeans-modules-autoupdate-services.jar"/>
    </module_version>
    <module_version install_time="1312224799455" last="true" origin="NetBeans" specification_version="1.20.2">
        <file crc="4151630418" name="modules/ext/locale/updater_ja.jar"/>
        <file crc="2304786991" name="modules/ext/locale/updater_pt_BR.jar"/>
        <file crc="1630074143" name="modules/ext/locale/updater_zh_CN.jar"/>
        <file crc="2433518511" name="modules/locale/org-netbeans-modules-autoupdate-services_ja.jar"/>
        <file crc="3911918804" name="modules/locale/org-netbeans-modules-autoupdate-services_pt_BR.jar"/>
        <file crc="976399332" name="modules/locale/org-netbeans-modules-autoupdate-services_zh_CN.jar"/>
        <file crc="83784818" name="config/Modules/org-netbeans-modules-autoupdate-services.xml"/>
        <file crc="2387369983" name="modules/org-netbeans-modules-autoupdate-services.jar"/>
    </module_version>
</module>
