<?xml version="1.0" encoding="UTF-8" standalone="no"?>
<module codename="org.netbeans.swing.tabcontrol">
    <module_version install_time="1280356567040" last="false" origin="installer" specification_version="1.21.1">
        <file crc="327432460" name="config/Modules/org-netbeans-swing-tabcontrol.xml"/>
        <file crc="2846443643" name="modules/org-netbeans-swing-tabcontrol.jar"/>
    </module_version>
    <module_version install_time="1312224867143" last="true" origin="NetBeans" specification_version="1.21.2">
        <file crc="3095652213" name="modules/locale/org-netbeans-swing-tabcontrol_ja.jar"/>
        <file crc="319549064" name="modules/locale/org-netbeans-swing-tabcontrol_pt_BR.jar"/>
        <file crc="2967373419" name="modules/locale/org-netbeans-swing-tabcontrol_zh_CN.jar"/>
        <file crc="327432460" name="config/Modules/org-netbeans-swing-tabcontrol.xml"/>
        <file crc="2296491742" name="modules/org-netbeans-swing-tabcontrol.jar"/>
    </module_version>
</module>
